<?xml version="1.0" encoding="UTF-8"?>
<templates id="bi_pos_discount_template" inherit_id="point_of_sale.template" xml:space="preserve">
   <!-- Orderline WIdget -->
    <t t-name="BiOrderline" t-inherit="point_of_sale.Orderline" t-inherit-mode="extension" owl="1">
        <xpath expr="//ul[hasclass('info-list')]" position="replace">

            <ul class="info-list">
                <t t-if="props.line.get_quantity_str() !== '1' || props.line.selected ">
                    <li class="info">
                        <em>
                            <t t-esc="props.line.get_quantity_str()" />
                        </em>
                        <span> </span><t t-esc="props.line.get_unit().name" />
                        at
                        <t t-if="props.line.display_discount_policy() == 'without_discount' and
                            env.pos.round_decimals_currency(props.line.get_unit_display_price()) &lt; env.pos.round_decimals_currency(props.line.get_taxed_lst_unit_price())">
                            <s>
                                <t t-esc="env.pos.format_currency(props.line.get_taxed_lst_unit_price(),'Product Price')" />
                            </s>
                            <t t-esc="env.pos.format_currency(props.line.get_unit_display_price(),'Product Price')" />
                        </t>
                        <t t-else="">
                            <t t-esc="env.pos.format_currency(props.line.get_unit_display_price(),'Product Price')" />
                        </t>
                        /
                        <t t-esc="props.line.get_unit().name" />
                    </li>
                </t>
                <t t-if="props.line.get_discount_str() !== '0'">
                    <t t-if='props.line.discount_type'>
                        <t t-if="props.line.discount_type == 'percentage'">
                            <li class="info">
                                With a
                                <em>
                                    <t t-esc="props.line.get_discount_str()" />%
                                </em>
                                discount
                            </li>
                        </t>
                        <t t-if="env.pos.config.discount_type == 'fixed'">
                             <li class="info">
                                With a
                                <em>
                                    <t t-esc="props.line.get_discount_str()" />
                                </em>
                                discount
                            </li>
                        </t>
                    </t>
                </t>
                <t t-if="customerNote">
                    <li class="info orderline-note">
                        <i class="fa fa-sticky-note" role="img" aria-label="Customer Note" title="Customer Note"/>
                        <t t-esc="customerNote" />
                    </li>
                </t>
            </ul>
        </xpath>
    </t>

    <t t-extend="OrderReceipt" t-inherit="point_of_sale.OrderReceipt" t-inherit-mode="extension" owl="1">
        <xpath expr="//div[hasclass('orderlines')]" position="replace">
            <div class="orderlines">
                <t t-call="DiscountOrderLinesReceipt"/>
            </div>
        </xpath>
    </t>

    <t t-name="DiscountOrderLinesReceipt" owl="1">
        <t t-foreach="receipt.orderlines" t-as="line" t-key="line.id">
            <t t-if="isSimple(line)">
                <div class="responsive-price">
                    <t t-esc="line.product_name_wrapped[0]" />
                    <span t-esc="env.pos.format_currency_no_symbol(line.price_display)" class="price_display pos-receipt-right-align"/>
                </div>
                <WrappedProductNameLines line="line" />
            </t>
            <t t-else="">
                <div t-esc="line.product_name_wrapped[0]" />
                <WrappedProductNameLines line="line" />
                <t t-if="line.display_discount_policy == 'without_discount' and line.price != line.price_lst">
                    <div class="pos-receipt-left-padding">
                        <t t-esc="env.pos.format_currency_no_symbol(line.price_lst)" />
                        ->
                        <t t-esc="env.pos.format_currency_no_symbol(line.price)" />
                    </div>
                </t>
                <t t-elif="line.discount !== 0">
                    <div class="pos-receipt-left-padding">
                        <t t-if="env.pos.config.iface_tax_included === 'total'">
                            <t t-esc="env.pos.format_currency_no_symbol(line.price_with_tax_before_discount)"/>
                        </t>
                        <t t-else="">
                            <t t-esc="env.pos.format_currency_no_symbol(line.price)"/>
                        </t>
                    </div>
                </t>
                <t t-if="line.discount !== 0">
                    <t t-if='line.discount_type'>
                        <t t-if="line.discount_type == 'Percentage'">
                            <div class="pos-receipt-left-padding">
                                Discount: <t t-esc="line.discount" />%
                            </div>
                        </t>
                        <t t-if="line.discount_type == 'Fixed'">
                            <div class="pos-receipt-left-padding">
                                Discount: <t t-esc="env.pos.format_currency(line.discount)"/>
                            </div>
                        </t>
                    </t>
                    <t t-else="">
                        <t t-if="env.pos.config.discount_type == 'percentage'">
                            <div class="pos-receipt-left-padding">
                                Discount: <t t-esc="line.discount" />%
                            </div>
                        </t>
                        <t t-if="env.pos.config.discount_type == 'fixed'">
                            <div class="pos-receipt-left-padding">
                                Discount: <t t-esc="env.pos.format_currency(line.discount)"/>
                            </div>
                        </t>
                    </t>
                </t>
                <div class="pos-receipt-left-padding">
                    <t t-esc="Math.round(line.quantity * Math.pow(10, env.pos.dp['Product Unit of Measure'])) / Math.pow(10, env.pos.dp['Product Unit of Measure'])"/>
                    <t t-if="!line.is_in_unit" t-esc="line.unit_name" />
                    x
                    <t t-esc="env.pos.format_currency_no_symbol(line.price_display_one)" />
                    <span class="price_display pos-receipt-right-align">
                        <t t-esc="env.pos.format_currency_no_symbol(line.price_display)" />
                    </span>
                </div>
            </t>
            <t t-if="line.customer_note">
                <div class="pos-receipt-left-padding pos-receipt-customer-note">
                    <t t-esc="line.customer_note"/>
                </div>
            </t>

            <t t-if="line.pack_lot_lines">
                <div class="pos-receipt-left-padding">
                    <ul>
                        <t t-foreach="line.pack_lot_lines" t-as="lot" t-key="lot.cid">
                            <li>
                                <t t-if="lot.order_line.product.tracking == 'lot'">
                                    Lot Number <t t-esc="lot.lot_name"/>
                                </t>
                                <t t-else="">
                                    SN <t t-esc="lot.lot_name"/>
                                </t>
                            </li>
                        </t>
                    </ul>
                </div>
            </t>
        </t>
    </t> 
</templates>